{"is_source_file": false, "format": "", "description": "", "external_files": [], "external_methods": [], "published": [], "classes": [], "methods": [], "calls": [], "search-terms": [], "state": 2, "file_id": 1, "knowledge_revision": 17, "git_revision": "b1e1f23f162798bbb4ce21ca102e862b572fe3aa", "hash": "9650d13219d14a8a50e10fb1d35038f8", "format-version": 4, "code-base-name": "tic_tac_toe_frontend", "filename": "README.md", "revision_history": [{"17": "b1e1f23f162798bbb4ce21ca102e862b572fe3aa"}]}