{"is_source_file": true, "format": "JavaScript Module (ESM)", "description": "Configuration file for ESLint in a TypeScript project, defining recommended settings, ignores, plugin configurations, and language options.", "external_files": ["@eslint/js", "@typescript-eslint/eslint-plugin", "@typescript-eslint/parser"], "external_methods": [], "published": [], "classes": [], "methods": [{"name": "default", "description": "Exports an array of ESLint configuration objects, including recommended settings, ignore patterns, and language-specific options."}], "calls": ["js.configs.recommended"], "search-terms": ["eslint", "typescript", "eslint.config.mjs", "eslint", "parser", "plugins", "rules", "ignore", "typescript-eslint"], "state": 2, "file_id": 6, "knowledge_revision": 16, "git_revision": "7fd84cbad3c515b22e4e1689ff2d17bddbd56658", "hash": "e07c5093c78842a4ba4667fc4b86ccee", "format-version": 4, "code-base-name": "tic_tac_toe_frontend", "filename": "tic_tac_toe_frontend/eslint.config.mjs", "revision_history": [{"16": "7fd84cbad3c515b22e4e1689ff2d17bddbd56658"}]}