{"is_source_file": true, "format": "JavaScript", "description": "This file is a JavaScript entry point for a web application built with Vite. It sets up the main HTML structure dynamically, imports CSS styles, logos, and a 'setupCounter' function to initialize a counter button in the DOM.", "external_files": ["./style.css", "./javascript.svg", "/vite.svg", "./counter.js"], "external_methods": ["setupCounter"], "published": [], "classes": [], "methods": [{"name": "setupCounter", "description": "Initializes a counter button within the DOM element with id 'counter'."}], "calls": ["setupCounter"], "search-terms": ["main.js", "Vite", "counter initialization", "import statements", "HTML setup in JS"], "state": 2, "file_id": 7, "knowledge_revision": 18, "git_revision": "7fd84cbad3c515b22e4e1689ff2d17bddbd56658", "ctags": [], "hash": "de692c7004bd5381710c3a0b68a7bb3e", "format-version": 4, "code-base-name": "tic_tac_toe_frontend", "filename": "tic_tac_toe_frontend/src/main.js", "revision_history": [{"18": "7fd84cbad3c515b22e4e1689ff2d17bddbd56658"}]}