{"is_source_file": false, "format": "", "description": "", "external_files": [], "external_methods": [], "published": [], "classes": [], "methods": [], "calls": [], "search-terms": [], "state": 2, "file_id": 9, "knowledge_revision": 14, "git_revision": "7fd84cbad3c515b22e4e1689ff2d17bddbd56658", "ctags": [], "hash": "2deb64ad96a3a98b4060c8c42df3b884", "format-version": 4, "code-base-name": "tic_tac_toe_frontend", "filename": "tic_tac_toe_frontend/vite.config.js", "revision_history": [{"14": "7fd84cbad3c515b22e4e1689ff2d17bddbd56658"}]}