{"is_source_file": true, "format": "JavaScript", "description": "This is the main JavaScript entry point for a web project using Vite. It imports styles, logos, and a setup function, then constructs and inserts HTML content into the DOM, and initializes UI components.", "external_files": ["./style.css", "./javascript.svg", "/vite.svg", "./counter.js"], "external_methods": ["setupCounter"], "published": [], "classes": [], "methods": [{"name": "setupCounter", "description": "Initializes a counter button for the UI, imported from 'counter.js'."}], "calls": ["document.querySelector", "setupCounter"], "search-terms": ["main.js", "Vite project", "Initial DOM setup", "counter button", "imported assets"], "state": 2, "file_id": 3, "knowledge_revision": 18, "git_revision": "7fd84cbad3c515b22e4e1689ff2d17bddbd56658", "ctags": [], "hash": "de692c7004bd5381710c3a0b68a7bb3e", "format-version": 4, "code-base-name": "tic_tac_toe_frontend", "filename": "tic_tac_toe_frontend/src/main.js", "revision_history": [{"18": "7fd84cbad3c515b22e4e1689ff2d17bddbd56658"}]}