{"is_source_file": true, "format": "JavaScript", "description": "This file defines a function setupCounter that initializes a counter on a given DOM element, updating the UI on clicks.", "external_files": [], "external_methods": [], "published": [], "classes": [], "methods": [{"name": "setupCounter(element)", "description": "Initializes a click-counter on a DOM element, updating its inner HTML to show the count.", "scope": "", "scopeKind": ""}], "calls": ["element.addEventListener"], "search-terms": ["setupCounter", "counter", "click", "innerHTML", "DOM element"], "state": 2, "file_id": 4, "knowledge_revision": 19, "git_revision": "7fd84cbad3c515b22e4e1689ff2d17bddbd56658", "ctags": [{"_type": "tag", "name": "setupCounter", "path": "/home/kavia/workspace/code-generation/two-player-tic-tac-toe-202612-202621/tic_tac_toe_frontend/src/counter.js", "pattern": "/^export function setupCounter(element) {$/", "language": "JavaScript", "kind": "function", "signature": "(element)"}], "hash": "2ac86fab0c68ff8890db658663b5b7f5", "format-version": 4, "code-base-name": "tic_tac_toe_frontend", "filename": "tic_tac_toe_frontend/src/counter.js", "revision_history": [{"19": "7fd84cbad3c515b22e4e1689ff2d17bddbd56658"}]}