{"is_source_file": true, "format": "JavaScript", "description": "This file defines and exports a function `setupCounter` that initializes and manages a counter in the DOM element, updating its display on user clicks.", "external_files": [], "external_methods": [], "published": ["setupCounter"], "classes": [], "methods": [{"name": "setupCounter(element)", "description": "Initializes a counter for a DOM element, sets up event listener to increment on click, and updates innerHTML accordingly.", "scope": "", "scopeKind": ""}], "calls": ["element.addEventListener", "setCounter"], "search-terms": ["setupCounter", "counter", "DOM", "event listener", "innerHTML"], "state": 2, "file_id": 6, "knowledge_revision": 17, "git_revision": "7fd84cbad3c515b22e4e1689ff2d17bddbd56658", "ctags": [{"_type": "tag", "name": "setupCounter", "path": "/home/kavia/workspace/code-generation/two-player-tic-tac-toe-202612-202621/tic_tac_toe_frontend/src/counter.js", "pattern": "/^export function setupCounter(element) {$/", "language": "JavaScript", "kind": "function", "signature": "(element)"}], "hash": "2ac86fab0c68ff8890db658663b5b7f5", "format-version": 4, "code-base-name": "tic_tac_toe_frontend", "filename": "tic_tac_toe_frontend/src/counter.js", "revision_history": [{"17": "7fd84cbad3c515b22e4e1689ff2d17bddbd56658"}]}