{"is_source_file": false, "format": "", "description": "", "external_files": [], "external_methods": [], "published": [], "classes": [], "methods": [], "calls": [], "search-terms": [], "state": 2, "file_id": 7, "knowledge_revision": 11, "git_revision": "7fd84cbad3c515b22e4e1689ff2d17bddbd56658", "hash": "26bb961e6db4f0aa323b976d50f25801", "format-version": 4, "code-base-name": "tic_tac_toe_frontend", "filename": "tic_tac_toe_frontend/index.html", "revision_history": [{"11": "7fd84cbad3c515b22e4e1689ff2d17bddbd56658"}]}