{"is_source_file": false, "format": "", "description": "", "external_files": [], "external_methods": [], "published": [], "classes": [], "methods": [], "calls": [], "search-terms": [], "state": 2, "file_id": 8, "knowledge_revision": 12, "git_revision": "7fd84cbad3c515b22e4e1689ff2d17bddbd56658", "hash": "3f6f307b4667ea8d1bdf4dd68b5838bd", "format-version": 4, "code-base-name": "tic_tac_toe_frontend", "filename": "tic_tac_toe_frontend/tsconfig.json", "revision_history": [{"12": "7fd84cbad3c515b22e4e1689ff2d17bddbd56658"}]}