{"is_source_file": false, "format": "", "description": "", "external_files": [], "external_methods": [], "published": [], "classes": [], "methods": [], "calls": [], "search-terms": [], "state": 2, "file_id": 8, "knowledge_revision": 13, "git_revision": "7fd84cbad3c515b22e4e1689ff2d17bddbd56658", "hash": "83876290ee9a0852f7fb36206f4fe9b4", "format-version": 4, "code-base-name": "tic_tac_toe_frontend", "filename": "tic_tac_toe_frontend/package.json", "revision_history": [{"13": "7fd84cbad3c515b22e4e1689ff2d17bddbd56658"}]}