{"is_source_file": false, "format": "", "description": "", "external_files": [], "external_methods": [], "published": [], "classes": [], "methods": [], "calls": [], "search-terms": ["style.css", "CSS", "stylesheet", "styling", "frontend", "UI styles"], "state": 2, "file_id": 2, "knowledge_revision": 15, "git_revision": "7fd84cbad3c515b22e4e1689ff2d17bddbd56658", "hash": "0046c26f2b07b3dbbe7025802177e087", "format-version": 4, "code-base-name": "tic_tac_toe_frontend", "filename": "tic_tac_toe_frontend/src/style.css", "revision_history": [{"15": "7fd84cbad3c515b22e4e1689ff2d17bddbd56658"}]}