{"is_source_file": true, "format": "JavaScript Module (.mjs)", "description": "ESLint configuration file exporting an array of configuration objects for linting JavaScript and TypeScript files, including recommended configs, ignore patterns, and specific rules for TypeScript files.", "external_files": ["@eslint/js", "@typescript-eslint/eslint-plugin", "@typescript-eslint/parser"], "external_methods": [], "published": [], "classes": [], "methods": [], "calls": ["js.configs.recommended"], "search-terms": ["eslint", "typescript", "eslint.config.mjs", "linting", "configuration", "@typescript-eslint", "eslint plugin", "ignore patterns"], "state": 2, "file_id": 11, "knowledge_revision": 15, "git_revision": "7fd84cbad3c515b22e4e1689ff2d17bddbd56658", "hash": "e07c5093c78842a4ba4667fc4b86ccee", "format-version": 4, "code-base-name": "tic_tac_toe_frontend", "filename": "tic_tac_toe_frontend/eslint.config.mjs", "revision_history": [{"15": "7fd84cbad3c515b22e4e1689ff2d17bddbd56658"}]}